person,uttrykk,funnet
0,Anger,True
0,Contempt,True
0,Disgust,True
0,Fear,True
0,Happy,True
0,Neutral,True
0,Sad,True
0,Surprised,True
1,Anger,True
1,Contempt,True
1,Disgust,True
1,Fear,True
1,Happy,True
1,Neutral,True
1,Sad,True
1,Surprised,True
2,Anger,True
2,Contempt,True
2,Disgust,True
2,Fear,True
2,Happy,True
2,Neutral,True
2,Sad,True
2,Surprised,True
3,Anger,True
3,Contempt,True
3,Disgust,True
3,Fear,True
3,Happy,True
3,Neutral,True
3,Sad,True
3,Surprised,True
4,Anger,True
4,Contempt,True
4,Disgust,True
4,Fear,True
4,Happy,True
4,Neutral,True
4,Sad,True
4,Surprised,True
5,Anger,True
5,Contempt,True
5,Disgust,True
5,Fear,True
5,Happy,True
5,Neutral,True
5,Sad,True
5,Surprised,True
6,Anger,True
6,Contempt,True
6,Fear,True
6,Happy,True
6,Neutral,True
6,Sad,True
6,Surprised,True
7,Anger,True
7,Contempt,True
7,Disgust,True
7,Fear,True
7,Happy,True
7,Neutral,True
7,Sad,True
7,Surprised,True
8,Anger,True
8,Contempt,True
8,Disgust,True
8,Fear,True
8,Happy,True
8,Neutral,True
8,Sad,True
8,Surprised,True
9,Anger,True
9,Contempt,True
9,Disgust,True
9,Fear,True
9,Happy,True
9,Neutral,True
9,Sad,True
9,Surprised,True
10,Anger,True
10,Contempt,True
10,Disgust,True
10,Fear,True
10,Happy,True
10,Neutral,True
10,Sad,True
11,Anger,False
11,Contempt,False
11,Disgust,False
11,Fear,False
11,Happy,False
11,Neutral,False
11,Sad,False
11,Surprised,False
12,Anger,True
12,Contempt,True
12,Disgust,True
12,Fear,True
12,Happy,True
12,Neutral,True
12,Sad,True
12,Surprised,True
13,Anger,True
13,Contempt,True
13,Disgust,True
13,Fear,True
13,Happy,True
13,Neutral,True
13,Sad,True
13,Surprised,True
14,Anger,True
14,Contempt,True
14,Disgust,True
14,Happy,True
14,Neutral,True
14,Sad,True
14,Surprised,True
15,Anger,True
15,Contempt,True
15,Disgust,True
15,Fear,True
15,Happy,True
15,Neutral,True
15,Sad,True
15,Surprised,True
16,Anger,True
16,Contempt,True
16,Disgust,True
16,Fear,True
16,Happy,True
16,Neutral,True
16,Sad,True
16,Surprised,True
17,Anger,True
17,Contempt,True
17,Disgust,True
17,Fear,True
17,Happy,True
17,Neutral,True
17,Sad,True
17,Surprised,True
18,Anger,True
18,Contempt,True
18,Disgust,True
18,Fear,True
18,Happy,True
18,Neutral,True
18,Sad,True
18,Surprised,True
