x,y,diameter
103.9,28.5,12.2
286.2,35.5,10.2
193.1,64.6,56.8
275.0,65.9,22.6
189.2,68.2,77.6
91.3,68.6,33.0
327.2,76.7,11.2
287.9,126.6,15.2
169.2,160.6,9.4
361.8,170.1,23.6
306.5,177.8,36.2
256.9,180.5,18.9
149.8,183.2,13.3
248.3,183.9,14.2
163.5,189.6,10.3
216.2,189.8,17.1
133.1,193.0,23.2
292.7,204.0,40.6
94.8,228.8,28.0
221.6,241.4,16.7
194.7,242.9,7.1
297.2,250.5,14.9
327.2,268.8,31.6
228.2,280.0,12.3
306.2,298.6,29.5
225.1,310.9,15.8
306.5,341.5,20.9
327.5,345.5,20.9
57.2,352.8,12.5
195.7,353.9,46.1
128.1,373.2,8.5
58.8,376.6,22.2
301.3,378.2,11.9
117.1,379.8,11.3
95.0,392.2,12.1
127.4,412.0,8.3
288.3,418.2,17.3
114.3,419.4,30.5
136.7,448.2,22.8
267.0,449.9,28.5
